product_id, media_type, media_url, isMain
"32","image","https://ecommerce-playground.lambdatest.io/image/cache/catalog/maza/demo/mz_poco/megastore-2/product/5-530x663.webp","true"
"32","video","https://www.youtube.com/embed/bFXws3gz9ZE","false"
"32","image","https://ecommerce-playground.lambdatest.io/image/cache/catalog/maza/demo/mz_poco/megastore-2/product/17-132x165.webp","false"
"32","image","https://ecommerce-playground.lambdatest.io/image/cache/catalog/maza/demo/mz_poco/megastore-2/product/8-132x165.webp","false"
"32","image","https://ecommerce-playground.lambdatest.io/image/cache/catalog/maza/demo/mz_poco/megastore-2/product/19-132x165.webp","false"
"32","image","https://ecommerce-playground.lambdatest.io/image/cache/catalog/maza/demo/mz_poco/megastore-2/product/8-132x165.webp","false"
"32","image","https://ecommerce-playground.lambdatest.io/image/cache/catalog/maza/demo/mz_poco/megastore-2/product/11-132x165.webp","false"
"34","image","https://ecommerce-playground.lambdatest.io/image/cache/catalog/maza/demo/mz_poco/megastore-2/product/7-530x663.webp","true"
"34","image","https://ecommerce-playground.lambdatest.io/image/cache/catalog/maza/demo/mz_poco/megastore-2/product/11-132x165.webp","false"
"34","image","https://ecommerce-playground.lambdatest.io/image/cache/catalog/maza/demo/mz_poco/megastore-2/product/18-132x165.webp","false"
"34","image","https://ecommerce-playground.lambdatest.io/image/cache/catalog/maza/demo/mz_poco/megastore-2/product/19-132x165.webp","false"
"34","image","https://ecommerce-playground.lambdatest.io/image/cache/catalog/maza/demo/mz_poco/megastore-2/product/19-132x165.webp","false"
"36","image","https://ecommerce-playground.lambdatest.io/image/cache/catalog/maza/demo/mz_poco/megastore-2/product/8-530x663.webp","true"
"36","image","https://ecommerce-playground.lambdatest.io/image/cache/catalog/maza/demo/mz_poco/megastore-2/product/7-132x165.webp","false"
"36","image","https://ecommerce-playground.lambdatest.io/image/cache/catalog/maza/demo/mz_poco/megastore-2/product/11-132x165.webp","false"
"36","image","https://ecommerce-playground.lambdatest.io/image/cache/catalog/maza/demo/mz_poco/megastore-2/product/12-132x165.webp","false"
"36","image","https://ecommerce-playground.lambdatest.io/image/cache/catalog/maza/demo/mz_poco/megastore-2/product/6-132x165.webp","false"
"40","image","https://ecommerce-playground.lambdatest.io/image/cache/catalog/maza/demo/mz_poco/megastore-2/product/9-530x663.webp","true"
"40","video","https://www.youtube.com/embed/cnXapYkboRQ","false"
"40","image","https://ecommerce-playground.lambdatest.io/image/cache/catalog/maza/demo/mz_poco/megastore-2/product/18-132x165.webp","false"
"40","image","https://ecommerce-playground.lambdatest.io/image/cache/catalog/maza/demo/mz_poco/megastore-2/product/15-132x165.webp","false"
"40","image","https://ecommerce-playground.lambdatest.io/image/cache/catalog/maza/demo/mz_poco/megastore-2/product/18-132x165.webp","false"
"40","image","https://ecommerce-playground.lambdatest.io/image/cache/catalog/maza/demo/mz_poco/megastore-2/product/5-132x165.webp","false"
"41","image","https://ecommerce-playground.lambdatest.io/image/cache/catalog/maza/demo/mz_poco/megastore-2/product/10-530x663.webp","true"
"41","video","https://www.youtube.com/embed/wGixQPuG1GY","false"
"41","image","https://ecommerce-playground.lambdatest.io/image/cache/catalog/maza/demo/mz_poco/megastore-2/product/7-132x165.webp","false"
"41","image","https://ecommerce-playground.lambdatest.io/image/cache/catalog/maza/demo/mz_poco/megastore-2/product/7-132x165.webp","false"
"41","image","https://ecommerce-playground.lambdatest.io/image/cache/catalog/maza/demo/mz_poco/megastore-2/product/15-132x165.webp","false"
"41","image","https://ecommerce-playground.lambdatest.io/image/cache/catalog/maza/demo/mz_poco/megastore-2/product/13-132x165.webp","false"
"42","image","https://ecommerce-playground.lambdatest.io/image/cache/catalog/demo/apple_cinema_30-530x663.webp","true"
"42","image","https://ecommerce-playground.lambdatest.io/image/cache/catalog/demo/apple_logo-132x165.webp","false"
"43","image","https://ecommerce-playground.lambdatest.io/image/cache/catalog/maza/demo/mz_poco/megastore-2/product/12-530x663.webp","true"
"43","image","https://ecommerce-playground.lambdatest.io/image/cache/catalog/maza/demo/mz_poco/megastore-2/product/12-132x165.webp","false"
"43","image","https://ecommerce-playground.lambdatest.io/image/cache/catalog/maza/demo/mz_poco/megastore-2/product/9-132x165.webp","false"
"43","image","https://ecommerce-playground.lambdatest.io/image/cache/catalog/maza/demo/mz_poco/megastore-2/product/19-132x165.webp","false"
"43","image","https://ecommerce-playground.lambdatest.io/image/cache/catalog/maza/demo/mz_poco/megastore-2/product/11-132x165.webp","false"
"44","image","https://ecommerce-playground.lambdatest.io/image/cache/catalog/maza/demo/mz_poco/megastore-2/product/13-530x663.webp","true"
"44","video","https://www.youtube.com/embed/hs1HoLs4SD0","false"
"44","image","https://ecommerce-playground.lambdatest.io/image/cache/catalog/maza/demo/mz_poco/megastore-2/product/8-132x165.webp","false"
"44","image","https://ecommerce-playground.lambdatest.io/image/cache/catalog/maza/demo/mz_poco/megastore-2/product/15-132x165.webp","false"
"44","image","https://ecommerce-playground.lambdatest.io/image/cache/catalog/maza/demo/mz_poco/megastore-2/product/4-132x165.webp","false"
"44","image","https://ecommerce-playground.lambdatest.io/image/cache/catalog/maza/demo/mz_poco/megastore-2/product/11-132x165.webp","false"
"45","image","https://ecommerce-playground.lambdatest.io/image/cache/catalog/maza/demo/mz_poco/megastore-2/product/14-530x663.webp","true"
"45","image","https://ecommerce-playground.lambdatest.io/image/cache/catalog/maza/demo/mz_poco/megastore-2/product/5-132x165.webp","false"
"45","image","https://ecommerce-playground.lambdatest.io/image/cache/catalog/maza/demo/mz_poco/megastore-2/product/9-132x165.webp","false"
"45","image","https://ecommerce-playground.lambdatest.io/image/cache/catalog/maza/demo/mz_poco/megastore-2/product/10-132x165.webp","false"
"45","image","https://ecommerce-playground.lambdatest.io/image/cache/catalog/maza/demo/mz_poco/megastore-2/product/3-132x165.webp","false"
"45","image","https://ecommerce-playground.lambdatest.io/image/cache/catalog/maza/demo/mz_poco/megastore-2/product/2-132x165.webp","false"
"48","image","https://ecommerce-playground.lambdatest.io/image/cache/catalog/maza/demo/mz_poco/megastore-2/product/17-530x663.webp","true"
"48","image","https://ecommerce-playground.lambdatest.io/image/cache/catalog/maza/demo/mz_poco/megastore-2/product/10-132x165.webp","false"
"48","image","https://ecommerce-playground.lambdatest.io/image/cache/catalog/maza/demo/mz_poco/megastore-2/product/8-132x165.webp","false"
"48","image","https://ecommerce-playground.lambdatest.io/image/cache/catalog/maza/demo/mz_poco/megastore-2/product/8-132x165.webp","false"
"48","image","https://ecommerce-playground.lambdatest.io/image/cache/catalog/maza/demo/mz_poco/megastore-2/product/7-132x165.webp","false"
"50","image","https://ecommerce-playground.lambdatest.io/image/cache/catalog/maza/demo/mz_poco/megastore-2/product/11-530x663.webp","true"
"50","image","https://ecommerce-playground.lambdatest.io/image/cache/catalog/maza/demo/mz_poco/megastore-2/product/4-132x165.webp","false"
"50","image","https://ecommerce-playground.lambdatest.io/image/cache/catalog/maza/demo/mz_poco/megastore-2/product/13-132x165.webp","false"
"50","image","https://ecommerce-playground.lambdatest.io/image/cache/catalog/maza/demo/mz_poco/megastore-2/product/14-132x165.webp","false"
"50","image","https://ecommerce-playground.lambdatest.io/image/cache/catalog/maza/demo/mz_poco/megastore-2/product/11-132x165.webp","false"
"50","image","https://ecommerce-playground.lambdatest.io/image/cache/catalog/maza/demo/mz_poco/megastore-2/product/11-132x165.webp","false"
"54","image","https://ecommerce-playground.lambdatest.io/image/cache/catalog/maza/demo/mz_poco/megastore-2/product/10-530x663.webp","true"
"54","image","https://ecommerce-playground.lambdatest.io/image/cache/catalog/maza/demo/mz_poco/megastore-2/product/7-132x165.webp","false"
"54","image","https://ecommerce-playground.lambdatest.io/image/cache/catalog/maza/demo/mz_poco/megastore-2/product/7-132x165.webp","false"
"54","image","https://ecommerce-playground.lambdatest.io/image/cache/catalog/maza/demo/mz_poco/megastore-2/product/15-132x165.webp","false"
"54","image","https://ecommerce-playground.lambdatest.io/image/cache/catalog/maza/demo/mz_poco/megastore-2/product/13-132x165.webp","false"
"55","image","https://ecommerce-playground.lambdatest.io/image/cache/catalog/maza/demo/mz_poco/megastore-2/product/9-530x663.webp","true"
"55","image","https://ecommerce-playground.lambdatest.io/image/cache/catalog/maza/demo/mz_poco/megastore-2/product/18-132x165.webp","false"
"55","image","https://ecommerce-playground.lambdatest.io/image/cache/catalog/maza/demo/mz_poco/megastore-2/product/15-132x165.webp","false"
"55","image","https://ecommerce-playground.lambdatest.io/image/cache/catalog/maza/demo/mz_poco/megastore-2/product/18-132x165.webp","false"
"55","image","https://ecommerce-playground.lambdatest.io/image/cache/catalog/maza/demo/mz_poco/megastore-2/product/5-132x165.webp","false"
"56","image","https://ecommerce-playground.lambdatest.io/image/cache/catalog/maza/demo/mz_poco/megastore-2/product/17-530x663.webp","true"
"56","image","https://ecommerce-playground.lambdatest.io/image/cache/catalog/maza/demo/mz_poco/megastore-2/product/10-132x165.webp","false"
"56","image","https://ecommerce-playground.lambdatest.io/image/cache/catalog/maza/demo/mz_poco/megastore-2/product/8-132x165.webp","false"
"56","image","https://ecommerce-playground.lambdatest.io/image/cache/catalog/maza/demo/mz_poco/megastore-2/product/8-132x165.webp","false"
"56","image","https://ecommerce-playground.lambdatest.io/image/cache/catalog/maza/demo/mz_poco/megastore-2/product/7-132x165.webp","false"
"57","image","https://ecommerce-playground.lambdatest.io/image/cache/catalog/maza/demo/mz_poco/megastore-2/product/8-530x663.webp","true"
"57","image","https://ecommerce-playground.lambdatest.io/image/cache/catalog/maza/demo/mz_poco/megastore-2/product/7-132x165.webp","false"
"57","image","https://ecommerce-playground.lambdatest.io/image/cache/catalog/maza/demo/mz_poco/megastore-2/product/11-132x165.webp","false"
"57","image","https://ecommerce-playground.lambdatest.io/image/cache/catalog/maza/demo/mz_poco/megastore-2/product/12-132x165.webp","false"
"57","image","https://ecommerce-playground.lambdatest.io/image/cache/catalog/maza/demo/mz_poco/megastore-2/product/6-132x165.webp","false"
"58","image","https://ecommerce-playground.lambdatest.io/image/cache/catalog/maza/demo/mz_poco/megastore-2/product/7-530x663.webp","true"
"58","image","https://ecommerce-playground.lambdatest.io/image/cache/catalog/maza/demo/mz_poco/megastore-2/product/11-132x165.webp","false"
"58","image","https://ecommerce-playground.lambdatest.io/image/cache/catalog/maza/demo/mz_poco/megastore-2/product/18-132x165.webp","false"
"58","image","https://ecommerce-playground.lambdatest.io/image/cache/catalog/maza/demo/mz_poco/megastore-2/product/19-132x165.webp","false"
"58","image","https://ecommerce-playground.lambdatest.io/image/cache/catalog/maza/demo/mz_poco/megastore-2/product/19-132x165.webp","false"
"59","image","https://ecommerce-playground.lambdatest.io/image/cache/catalog/maza/demo/mz_poco/megastore-2/product/5-530x663.webp","true"
"59","image","https://ecommerce-playground.lambdatest.io/image/cache/catalog/maza/demo/mz_poco/megastore-2/product/8-132x165.webp","false"
"59","image","https://ecommerce-playground.lambdatest.io/image/cache/catalog/maza/demo/mz_poco/megastore-2/product/17-132x165.webp","false"
"59","image","https://ecommerce-playground.lambdatest.io/image/cache/catalog/maza/demo/mz_poco/megastore-2/product/19-132x165.webp","false"
"59","image","https://ecommerce-playground.lambdatest.io/image/cache/catalog/maza/demo/mz_poco/megastore-2/product/8-132x165.webp","false"
"59","image","https://ecommerce-playground.lambdatest.io/image/cache/catalog/maza/demo/mz_poco/megastore-2/product/11-132x165.webp","false"
"60","image","https://ecommerce-playground.lambdatest.io/image/cache/catalog/maza/demo/mz_poco/megastore-2/product/12-530x663.webp","true"
"60","image","https://ecommerce-playground.lambdatest.io/image/cache/catalog/maza/demo/mz_poco/megastore-2/product/12-132x165.webp","false"
"60","image","https://ecommerce-playground.lambdatest.io/image/cache/catalog/maza/demo/mz_poco/megastore-2/product/9-132x165.webp","false"
"60","image","https://ecommerce-playground.lambdatest.io/image/cache/catalog/maza/demo/mz_poco/megastore-2/product/19-132x165.webp","false"
"60","image","https://ecommerce-playground.lambdatest.io/image/cache/catalog/maza/demo/mz_poco/megastore-2/product/11-132x165.webp","false"
"61","image","https://ecommerce-playground.lambdatest.io/image/cache/catalog/maza/demo/mz_poco/megastore-2/product/13-530x663.webp","true"
"61","image","https://ecommerce-playground.lambdatest.io/image/cache/catalog/maza/demo/mz_poco/megastore-2/product/8-132x165.webp","false"
"61","image","https://ecommerce-playground.lambdatest.io/image/cache/catalog/maza/demo/mz_poco/megastore-2/product/15-132x165.webp","false"
"61","image","https://ecommerce-playground.lambdatest.io/image/cache/catalog/maza/demo/mz_poco/megastore-2/product/4-132x165.webp","false"
"61","image","https://ecommerce-playground.lambdatest.io/image/cache/catalog/maza/demo/mz_poco/megastore-2/product/11-132x165.webp","false"
"62","image","https://ecommerce-playground.lambdatest.io/image/cache/catalog/maza/demo/mz_poco/megastore-2/product/14-530x663.webp","true"
"62","image","https://ecommerce-playground.lambdatest.io/image/cache/catalog/maza/demo/mz_poco/megastore-2/product/5-132x165.webp","false"
"62","image","https://ecommerce-playground.lambdatest.io/image/cache/catalog/maza/demo/mz_poco/megastore-2/product/9-132x165.webp","false"
"62","image","https://ecommerce-playground.lambdatest.io/image/cache/catalog/maza/demo/mz_poco/megastore-2/product/10-132x165.webp","false"
"62","image","https://ecommerce-playground.lambdatest.io/image/cache/catalog/maza/demo/mz_poco/megastore-2/product/3-132x165.webp","false"
"62","image","https://ecommerce-playground.lambdatest.io/image/cache/catalog/maza/demo/mz_poco/megastore-2/product/2-132x165.webp","false"
"68","image","https://ecommerce-playground.lambdatest.io/image/cache/catalog/maza/demo/mz_poco/megastore-2/product/11-530x663.webp","true"
"68","image","https://ecommerce-playground.lambdatest.io/image/cache/catalog/maza/demo/mz_poco/megastore-2/product/4-132x165.webp","false"
"68","image","https://ecommerce-playground.lambdatest.io/image/cache/catalog/maza/demo/mz_poco/megastore-2/product/13-132x165.webp","false"
"68","image","https://ecommerce-playground.lambdatest.io/image/cache/catalog/maza/demo/mz_poco/megastore-2/product/14-132x165.webp","false"
"68","image","https://ecommerce-playground.lambdatest.io/image/cache/catalog/maza/demo/mz_poco/megastore-2/product/11-132x165.webp","false"
"68","image","https://ecommerce-playground.lambdatest.io/image/cache/catalog/maza/demo/mz_poco/megastore-2/product/11-132x165.webp","false"
"69","image","https://ecommerce-playground.lambdatest.io/image/cache/catalog/maza/demo/mz_poco/megastore-2/product/11-530x663.webp","true"
"69","image","https://ecommerce-playground.lambdatest.io/image/cache/catalog/maza/demo/mz_poco/megastore-2/product/11-132x165.webp","false"
"69","image","https://ecommerce-playground.lambdatest.io/image/cache/catalog/maza/demo/mz_poco/megastore-2/product/11-132x165.webp","false"
"69","image","https://ecommerce-playground.lambdatest.io/image/cache/catalog/maza/demo/mz_poco/megastore-2/product/14-132x165.webp","false"
"69","image","https://ecommerce-playground.lambdatest.io/image/cache/catalog/maza/demo/mz_poco/megastore-2/product/13-132x165.webp","false"
"69","image","https://ecommerce-playground.lambdatest.io/image/cache/catalog/maza/demo/mz_poco/megastore-2/product/4-132x165.webp","false"
"76","image","https://ecommerce-playground.lambdatest.io/image/cache/catalog/maza/demo/mz_poco/megastore-2/product/10-530x663.webp","true"
"76","image","https://ecommerce-playground.lambdatest.io/image/cache/catalog/maza/demo/mz_poco/megastore-2/product/7-132x165.webp","false"
"76","image","https://ecommerce-playground.lambdatest.io/image/cache/catalog/maza/demo/mz_poco/megastore-2/product/7-132x165.webp","false"
"76","image","https://ecommerce-playground.lambdatest.io/image/cache/catalog/maza/demo/mz_poco/megastore-2/product/15-132x165.webp","false"
"76","image","https://ecommerce-playground.lambdatest.io/image/cache/catalog/maza/demo/mz_poco/megastore-2/product/13-132x165.webp","false"
"77","image","https://ecommerce-playground.lambdatest.io/image/cache/catalog/maza/demo/mz_poco/megastore-2/product/10-530x663.webp","true"
"77","image","https://ecommerce-playground.lambdatest.io/image/cache/catalog/maza/demo/mz_poco/megastore-2/product/7-132x165.webp","false"
"77","image","https://ecommerce-playground.lambdatest.io/image/cache/catalog/maza/demo/mz_poco/megastore-2/product/7-132x165.webp","false"
"77","image","https://ecommerce-playground.lambdatest.io/image/cache/catalog/maza/demo/mz_poco/megastore-2/product/15-132x165.webp","false"
"77","image","https://ecommerce-playground.lambdatest.io/image/cache/catalog/maza/demo/mz_poco/megastore-2/product/13-132x165.webp","false"
"78","image","https://ecommerce-playground.lambdatest.io/image/cache/catalog/maza/demo/mz_poco/megastore-2/product/9-530x663.webp","true"
"78","image","https://ecommerce-playground.lambdatest.io/image/cache/catalog/maza/demo/mz_poco/megastore-2/product/18-132x165.webp","false"
"78","image","https://ecommerce-playground.lambdatest.io/image/cache/catalog/maza/demo/mz_poco/megastore-2/product/15-132x165.webp","false"
"78","image","https://ecommerce-playground.lambdatest.io/image/cache/catalog/maza/demo/mz_poco/megastore-2/product/18-132x165.webp","false"
"78","image","https://ecommerce-playground.lambdatest.io/image/cache/catalog/maza/demo/mz_poco/megastore-2/product/5-132x165.webp","false"
"79","image","https://ecommerce-playground.lambdatest.io/image/cache/catalog/maza/demo/mz_poco/megastore-2/product/9-530x663.webp","true"
"79","image","https://ecommerce-playground.lambdatest.io/image/cache/catalog/maza/demo/mz_poco/megastore-2/product/18-132x165.webp","false"
"79","image","https://ecommerce-playground.lambdatest.io/image/cache/catalog/maza/demo/mz_poco/megastore-2/product/15-132x165.webp","false"
"79","image","https://ecommerce-playground.lambdatest.io/image/cache/catalog/maza/demo/mz_poco/megastore-2/product/18-132x165.webp","false"
"79","image","https://ecommerce-playground.lambdatest.io/image/cache/catalog/maza/demo/mz_poco/megastore-2/product/5-132x165.webp","false"
"80","image","https://ecommerce-playground.lambdatest.io/image/cache/catalog/maza/demo/mz_poco/megastore-2/product/17-530x663.webp","true"
"80","image","https://ecommerce-playground.lambdatest.io/image/cache/catalog/maza/demo/mz_poco/megastore-2/product/10-132x165.webp","false"
"80","image","https://ecommerce-playground.lambdatest.io/image/cache/catalog/maza/demo/mz_poco/megastore-2/product/8-132x165.webp","false"
"80","image","https://ecommerce-playground.lambdatest.io/image/cache/catalog/maza/demo/mz_poco/megastore-2/product/8-132x165.webp","false"
"80","image","https://ecommerce-playground.lambdatest.io/image/cache/catalog/maza/demo/mz_poco/megastore-2/product/7-132x165.webp","false"
"81","image","https://ecommerce-playground.lambdatest.io/image/cache/catalog/maza/demo/mz_poco/megastore-2/product/17-530x663.webp","true"
"81","image","https://ecommerce-playground.lambdatest.io/image/cache/catalog/maza/demo/mz_poco/megastore-2/product/10-132x165.webp","false"
"81","image","https://ecommerce-playground.lambdatest.io/image/cache/catalog/maza/demo/mz_poco/megastore-2/product/8-132x165.webp","false"
"81","image","https://ecommerce-playground.lambdatest.io/image/cache/catalog/maza/demo/mz_poco/megastore-2/product/8-132x165.webp","false"
"81","image","https://ecommerce-playground.lambdatest.io/image/cache/catalog/maza/demo/mz_poco/megastore-2/product/7-132x165.webp","false"
"82","image","https://ecommerce-playground.lambdatest.io/image/cache/catalog/maza/demo/mz_poco/megastore-2/product/8-530x663.webp","true"
"82","image","https://ecommerce-playground.lambdatest.io/image/cache/catalog/maza/demo/mz_poco/megastore-2/product/7-132x165.webp","false"
"82","image","https://ecommerce-playground.lambdatest.io/image/cache/catalog/maza/demo/mz_poco/megastore-2/product/11-132x165.webp","false"
"82","image","https://ecommerce-playground.lambdatest.io/image/cache/catalog/maza/demo/mz_poco/megastore-2/product/12-132x165.webp","false"
"82","image","https://ecommerce-playground.lambdatest.io/image/cache/catalog/maza/demo/mz_poco/megastore-2/product/6-132x165.webp","false"
"83","image","https://ecommerce-playground.lambdatest.io/image/cache/catalog/maza/demo/mz_poco/megastore-2/product/8-530x663.webp","true"
"83","image","https://ecommerce-playground.lambdatest.io/image/cache/catalog/maza/demo/mz_poco/megastore-2/product/7-132x165.webp","false"
"83","image","https://ecommerce-playground.lambdatest.io/image/cache/catalog/maza/demo/mz_poco/megastore-2/product/11-132x165.webp","false"
"83","image","https://ecommerce-playground.lambdatest.io/image/cache/catalog/maza/demo/mz_poco/megastore-2/product/12-132x165.webp","false"
"83","image","https://ecommerce-playground.lambdatest.io/image/cache/catalog/maza/demo/mz_poco/megastore-2/product/6-132x165.webp","false"
"84","image","https://ecommerce-playground.lambdatest.io/image/cache/catalog/maza/demo/mz_poco/megastore-2/product/7-530x663.webp","true"
"84","image","https://ecommerce-playground.lambdatest.io/image/cache/catalog/maza/demo/mz_poco/megastore-2/product/11-132x165.webp","false"
"84","image","https://ecommerce-playground.lambdatest.io/image/cache/catalog/maza/demo/mz_poco/megastore-2/product/18-132x165.webp","false"
"84","image","https://ecommerce-playground.lambdatest.io/image/cache/catalog/maza/demo/mz_poco/megastore-2/product/19-132x165.webp","false"
"84","image","https://ecommerce-playground.lambdatest.io/image/cache/catalog/maza/demo/mz_poco/megastore-2/product/19-132x165.webp","false"
"85","image","https://ecommerce-playground.lambdatest.io/image/cache/catalog/maza/demo/mz_poco/megastore-2/product/7-530x663.webp","true"
"85","image","https://ecommerce-playground.lambdatest.io/image/cache/catalog/maza/demo/mz_poco/megastore-2/product/11-132x165.webp","false"
"85","image","https://ecommerce-playground.lambdatest.io/image/cache/catalog/maza/demo/mz_poco/megastore-2/product/18-132x165.webp","false"
"85","image","https://ecommerce-playground.lambdatest.io/image/cache/catalog/maza/demo/mz_poco/megastore-2/product/19-132x165.webp","false"
"85","image","https://ecommerce-playground.lambdatest.io/image/cache/catalog/maza/demo/mz_poco/megastore-2/product/19-132x165.webp","false"
"86","image","https://ecommerce-playground.lambdatest.io/image/cache/catalog/maza/demo/mz_poco/megastore-2/product/5-530x663.webp","true"
"86","image","https://ecommerce-playground.lambdatest.io/image/cache/catalog/maza/demo/mz_poco/megastore-2/product/11-132x165.webp","false"
"86","image","https://ecommerce-playground.lambdatest.io/image/cache/catalog/maza/demo/mz_poco/megastore-2/product/8-132x165.webp","false"
"86","image","https://ecommerce-playground.lambdatest.io/image/cache/catalog/maza/demo/mz_poco/megastore-2/product/19-132x165.webp","false"
"86","image","https://ecommerce-playground.lambdatest.io/image/cache/catalog/maza/demo/mz_poco/megastore-2/product/17-132x165.webp","false"
"86","image","https://ecommerce-playground.lambdatest.io/image/cache/catalog/maza/demo/mz_poco/megastore-2/product/8-132x165.webp","false"
"87","image","https://ecommerce-playground.lambdatest.io/image/cache/catalog/maza/demo/mz_poco/megastore-2/product/5-530x663.webp","true"
"87","image","https://ecommerce-playground.lambdatest.io/image/cache/catalog/maza/demo/mz_poco/megastore-2/product/8-132x165.webp","false"
"87","image","https://ecommerce-playground.lambdatest.io/image/cache/catalog/maza/demo/mz_poco/megastore-2/product/17-132x165.webp","false"
"87","image","https://ecommerce-playground.lambdatest.io/image/cache/catalog/maza/demo/mz_poco/megastore-2/product/19-132x165.webp","false"
"87","image","https://ecommerce-playground.lambdatest.io/image/cache/catalog/maza/demo/mz_poco/megastore-2/product/8-132x165.webp","false"
"87","image","https://ecommerce-playground.lambdatest.io/image/cache/catalog/maza/demo/mz_poco/megastore-2/product/11-132x165.webp","false"
"88","image","https://ecommerce-playground.lambdatest.io/image/cache/catalog/maza/demo/mz_poco/megastore-2/product/11-530x663.webp","true"
"88","image","https://ecommerce-playground.lambdatest.io/image/cache/catalog/maza/demo/mz_poco/megastore-2/product/4-132x165.webp","false"
"88","image","https://ecommerce-playground.lambdatest.io/image/cache/catalog/maza/demo/mz_poco/megastore-2/product/13-132x165.webp","false"
"88","image","https://ecommerce-playground.lambdatest.io/image/cache/catalog/maza/demo/mz_poco/megastore-2/product/14-132x165.webp","false"
"88","image","https://ecommerce-playground.lambdatest.io/image/cache/catalog/maza/demo/mz_poco/megastore-2/product/11-132x165.webp","false"
"88","image","https://ecommerce-playground.lambdatest.io/image/cache/catalog/maza/demo/mz_poco/megastore-2/product/11-132x165.webp","false"
"89","image","https://ecommerce-playground.lambdatest.io/image/cache/catalog/maza/demo/mz_poco/megastore-2/product/11-530x663.webp","true"
"89","image","https://ecommerce-playground.lambdatest.io/image/cache/catalog/maza/demo/mz_poco/megastore-2/product/11-132x165.webp","false"
"89","image","https://ecommerce-playground.lambdatest.io/image/cache/catalog/maza/demo/mz_poco/megastore-2/product/11-132x165.webp","false"
"89","image","https://ecommerce-playground.lambdatest.io/image/cache/catalog/maza/demo/mz_poco/megastore-2/product/14-132x165.webp","false"
"89","image","https://ecommerce-playground.lambdatest.io/image/cache/catalog/maza/demo/mz_poco/megastore-2/product/13-132x165.webp","false"
"89","image","https://ecommerce-playground.lambdatest.io/image/cache/catalog/maza/demo/mz_poco/megastore-2/product/4-132x165.webp","false"
"90","image","https://ecommerce-playground.lambdatest.io/image/cache/catalog/maza/demo/mz_poco/megastore-2/product/11-530x663.webp","true"
"90","image","https://ecommerce-playground.lambdatest.io/image/cache/catalog/maza/demo/mz_poco/megastore-2/product/4-132x165.webp","false"
"90","image","https://ecommerce-playground.lambdatest.io/image/cache/catalog/maza/demo/mz_poco/megastore-2/product/13-132x165.webp","false"
"90","image","https://ecommerce-playground.lambdatest.io/image/cache/catalog/maza/demo/mz_poco/megastore-2/product/14-132x165.webp","false"
"90","image","https://ecommerce-playground.lambdatest.io/image/cache/catalog/maza/demo/mz_poco/megastore-2/product/11-132x165.webp","false"
"90","image","https://ecommerce-playground.lambdatest.io/image/cache/catalog/maza/demo/mz_poco/megastore-2/product/11-132x165.webp","false"
"91","image","https://ecommerce-playground.lambdatest.io/image/cache/catalog/maza/demo/mz_poco/megastore-2/product/11-530x663.webp","true"
"91","image","https://ecommerce-playground.lambdatest.io/image/cache/catalog/maza/demo/mz_poco/megastore-2/product/11-132x165.webp","false"
"91","image","https://ecommerce-playground.lambdatest.io/image/cache/catalog/maza/demo/mz_poco/megastore-2/product/11-132x165.webp","false"
"91","image","https://ecommerce-playground.lambdatest.io/image/cache/catalog/maza/demo/mz_poco/megastore-2/product/14-132x165.webp","false"
"91","image","https://ecommerce-playground.lambdatest.io/image/cache/catalog/maza/demo/mz_poco/megastore-2/product/13-132x165.webp","false"
"91","image","https://ecommerce-playground.lambdatest.io/image/cache/catalog/maza/demo/mz_poco/megastore-2/product/4-132x165.webp","false"
"104","image","https://ecommerce-playground.lambdatest.io/image/cache/catalog/maza/demo/mz_poco/megastore-2/product/10-530x663.webp","true"
"104","image","https://ecommerce-playground.lambdatest.io/image/cache/catalog/maza/demo/mz_poco/megastore-2/product/7-132x165.webp","false"
"104","image","https://ecommerce-playground.lambdatest.io/image/cache/catalog/maza/demo/mz_poco/megastore-2/product/7-132x165.webp","false"
"104","image","https://ecommerce-playground.lambdatest.io/image/cache/catalog/maza/demo/mz_poco/megastore-2/product/15-132x165.webp","false"
"104","image","https://ecommerce-playground.lambdatest.io/image/cache/catalog/maza/demo/mz_poco/megastore-2/product/13-132x165.webp","false"
"105","image","https://ecommerce-playground.lambdatest.io/image/cache/catalog/maza/demo/mz_poco/megastore-2/product/10-530x663.webp","true"
"105","image","https://ecommerce-playground.lambdatest.io/image/cache/catalog/maza/demo/mz_poco/megastore-2/product/7-132x165.webp","false"
"105","image","https://ecommerce-playground.lambdatest.io/image/cache/catalog/maza/demo/mz_poco/megastore-2/product/7-132x165.webp","false"
"105","image","https://ecommerce-playground.lambdatest.io/image/cache/catalog/maza/demo/mz_poco/megastore-2/product/15-132x165.webp","false"
"105","image","https://ecommerce-playground.lambdatest.io/image/cache/catalog/maza/demo/mz_poco/megastore-2/product/13-132x165.webp","false"
"106","image","https://ecommerce-playground.lambdatest.io/image/cache/catalog/maza/demo/mz_poco/megastore-2/product/10-530x663.webp","true"
"106","image","https://ecommerce-playground.lambdatest.io/image/cache/catalog/maza/demo/mz_poco/megastore-2/product/7-132x165.webp","false"
"106","image","https://ecommerce-playground.lambdatest.io/image/cache/catalog/maza/demo/mz_poco/megastore-2/product/7-132x165.webp","false"
"106","image","https://ecommerce-playground.lambdatest.io/image/cache/catalog/maza/demo/mz_poco/megastore-2/product/15-132x165.webp","false"
"106","image","https://ecommerce-playground.lambdatest.io/image/cache/catalog/maza/demo/mz_poco/megastore-2/product/13-132x165.webp","false"
"107","image","https://ecommerce-playground.lambdatest.io/image/cache/catalog/maza/demo/mz_poco/megastore-2/product/10-530x663.webp","true"
"107","image","https://ecommerce-playground.lambdatest.io/image/cache/catalog/maza/demo/mz_poco/megastore-2/product/7-132x165.webp","false"
"107","image","https://ecommerce-playground.lambdatest.io/image/cache/catalog/maza/demo/mz_poco/megastore-2/product/7-132x165.webp","false"
"107","image","https://ecommerce-playground.lambdatest.io/image/cache/catalog/maza/demo/mz_poco/megastore-2/product/15-132x165.webp","false"
"107","image","https://ecommerce-playground.lambdatest.io/image/cache/catalog/maza/demo/mz_poco/megastore-2/product/13-132x165.webp","false"
"28","image","https://ecommerce-playground.lambdatest.io/image/cache/catalog/maza/demo/mz_poco/megastore-2/product/1-530x663.webp","true"
"28","image","https://ecommerce-playground.lambdatest.io/image/cache/catalog/maza/demo/mz_poco/megastore-2/product/7-132x165.webp","false"
"28","image","https://ecommerce-playground.lambdatest.io/image/cache/catalog/maza/demo/mz_poco/megastore-2/product/6-132x165.webp","false"
"28","image","https://ecommerce-playground.lambdatest.io/image/cache/catalog/maza/demo/mz_poco/megastore-2/product/8-132x165.webp","false"
"28","image","https://ecommerce-playground.lambdatest.io/image/cache/catalog/maza/demo/mz_poco/megastore-2/product/3-132x165.webp","false"
"53","image","https://ecommerce-playground.lambdatest.io/image/cache/catalog/maza/demo/mz_poco/megastore-2/product/1-530x663.webp","true"
"53","image","https://ecommerce-playground.lambdatest.io/image/cache/catalog/maza/demo/mz_poco/megastore-2/product/7-132x165.webp","false"
"53","image","https://ecommerce-playground.lambdatest.io/image/cache/catalog/maza/demo/mz_poco/megastore-2/product/6-132x165.webp","false"
"53","image","https://ecommerce-playground.lambdatest.io/image/cache/catalog/maza/demo/mz_poco/megastore-2/product/8-132x165.webp","false"
"53","image","https://ecommerce-playground.lambdatest.io/image/cache/catalog/maza/demo/mz_poco/megastore-2/product/3-132x165.webp","false"
"74","image","https://ecommerce-playground.lambdatest.io/image/cache/catalog/maza/demo/mz_poco/megastore-2/product/1-530x663.webp","true"
"74","image","https://ecommerce-playground.lambdatest.io/image/cache/catalog/maza/demo/mz_poco/megastore-2/product/7-132x165.webp","false"
"74","image","https://ecommerce-playground.lambdatest.io/image/cache/catalog/maza/demo/mz_poco/megastore-2/product/6-132x165.webp","false"
"74","image","https://ecommerce-playground.lambdatest.io/image/cache/catalog/maza/demo/mz_poco/megastore-2/product/8-132x165.webp","false"
"74","image","https://ecommerce-playground.lambdatest.io/image/cache/catalog/maza/demo/mz_poco/megastore-2/product/3-132x165.webp","false"
"75","image","https://ecommerce-playground.lambdatest.io/image/cache/catalog/maza/demo/mz_poco/megastore-2/product/1-530x663.webp","true"
"75","image","https://ecommerce-playground.lambdatest.io/image/cache/catalog/maza/demo/mz_poco/megastore-2/product/7-132x165.webp","false"
"75","image","https://ecommerce-playground.lambdatest.io/image/cache/catalog/maza/demo/mz_poco/megastore-2/product/6-132x165.webp","false"
"75","image","https://ecommerce-playground.lambdatest.io/image/cache/catalog/maza/demo/mz_poco/megastore-2/product/8-132x165.webp","false"
"75","image","https://ecommerce-playground.lambdatest.io/image/cache/catalog/maza/demo/mz_poco/megastore-2/product/3-132x165.webp","false"
"100","image","https://ecommerce-playground.lambdatest.io/image/cache/catalog/maza/demo/mz_poco/megastore-2/product/1-530x663.webp","true"
"100","image","https://ecommerce-playground.lambdatest.io/image/cache/catalog/maza/demo/mz_poco/megastore-2/product/7-132x165.webp","false"
"100","image","https://ecommerce-playground.lambdatest.io/image/cache/catalog/maza/demo/mz_poco/megastore-2/product/6-132x165.webp","false"
"100","image","https://ecommerce-playground.lambdatest.io/image/cache/catalog/maza/demo/mz_poco/megastore-2/product/8-132x165.webp","false"
"100","image","https://ecommerce-playground.lambdatest.io/image/cache/catalog/maza/demo/mz_poco/megastore-2/product/3-132x165.webp","false"
"101","image","https://ecommerce-playground.lambdatest.io/image/cache/catalog/maza/demo/mz_poco/megastore-2/product/1-530x663.webp","true"
"101","image","https://ecommerce-playground.lambdatest.io/image/cache/catalog/maza/demo/mz_poco/megastore-2/product/7-132x165.webp","false"
"101","image","https://ecommerce-playground.lambdatest.io/image/cache/catalog/maza/demo/mz_poco/megastore-2/product/6-132x165.webp","false"
"101","image","https://ecommerce-playground.lambdatest.io/image/cache/catalog/maza/demo/mz_poco/megastore-2/product/8-132x165.webp","false"
"101","image","https://ecommerce-playground.lambdatest.io/image/cache/catalog/maza/demo/mz_poco/megastore-2/product/3-132x165.webp","false"
"102","image","https://ecommerce-playground.lambdatest.io/image/cache/catalog/maza/demo/mz_poco/megastore-2/product/1-530x663.webp","true"
"102","image","https://ecommerce-playground.lambdatest.io/image/cache/catalog/maza/demo/mz_poco/megastore-2/product/7-132x165.webp","false"
"102","image","https://ecommerce-playground.lambdatest.io/image/cache/catalog/maza/demo/mz_poco/megastore-2/product/6-132x165.webp","false"
"102","image","https://ecommerce-playground.lambdatest.io/image/cache/catalog/maza/demo/mz_poco/megastore-2/product/8-132x165.webp","false"
"102","image","https://ecommerce-playground.lambdatest.io/image/cache/catalog/maza/demo/mz_poco/megastore-2/product/3-132x165.webp","false"
"103","image","https://ecommerce-playground.lambdatest.io/image/cache/catalog/maza/demo/mz_poco/megastore-2/product/1-530x663.webp","true"
"103","image","https://ecommerce-playground.lambdatest.io/image/cache/catalog/maza/demo/mz_poco/megastore-2/product/7-132x165.webp","false"
"103","image","https://ecommerce-playground.lambdatest.io/image/cache/catalog/maza/demo/mz_poco/megastore-2/product/6-132x165.webp","false"
"103","image","https://ecommerce-playground.lambdatest.io/image/cache/catalog/maza/demo/mz_poco/megastore-2/product/8-132x165.webp","false"
"103","image","https://ecommerce-playground.lambdatest.io/image/cache/catalog/maza/demo/mz_poco/megastore-2/product/3-132x165.webp","false"
